date,project_id
2025-04-22 14:03:17,1
2025-02-13 09:27:45,2
2025-06-30 18:41:02,3
2025-01-05 22:15:33,4
2025-03-18 07:56:10,5
2025-05-11 12:29:44,6
2025-07-09 20:45:01,7
2025-02-27 03:14:38,8
2025-06-05 16:22:59,9
2025-03-01 10:08:23,10
2025-07-20 10:36:55,1
2025-07-21 19:27:33,2
2025-07-22 12:04:17,3
2025-07-23 08:48:59,4
2025-07-24 18:22:44,5
2025-07-25 20:55:01,6
2025-07-26 06:39:10,7
2025-07-27 23:15:27,8
2025-07-28 14:01:18,9
2025-07-29 11:26:49,10
2025-07-30 10:36:55,1
2025-07-31 10:36:55,2
2025-08-01 10:36:55,3
2026-02-02 10:15:22,11
2026-02-04 09:40:11,12
2026-02-06 11:22:35,13
2026-02-08 15:10:44,13
2026-02-08 17:05:09,14
2026-02-10 08:55:33,15
2026-02-11 14:20:18,16
2025-05-22 14:03:17,17
2025-03-15 09:27:45,18
2025-07-30 18:41:02,19
2025-02-04 22:15:33,20
2025-04-17 07:56:10,21
2025-06-10 12:29:44,22
2025-08-08 20:45:01,23
2025-03-29 03:14:38,24
2025-07-05 16:22:59,25
2025-03-31 10:08:23,26
2025-08-19 10:36:55,17
2025-08-20 19:27:33,18
2025-08-21 12:04:17,19
2025-08-22 08:48:59,20
2025-08-23 18:22:44,21
2025-08-24 20:55:01,22
2025-08-25 06:39:10,23
2025-08-26 23:15:27,24
2025-08-27 14:01:18,25
2025-08-28 11:26:49,26
2025-08-29 10:36:55,17
2025-08-30 10:36:55,18
2025-08-31 10:36:55,19
2026-03-04 10:15:22,27
2026-03-06 09:40:11,28
2026-03-08 11:22:35,29
2026-03-10 15:10:44,29
2026-03-10 17:05:09,30
2026-03-12 08:55:33,31
2026-03-13 14:20:18,32
